cluster,total,Hypertension,proportion_Hypertension,Diabetes,proportion_Diabetes,Chronic Kidney Disease,proportion_Chronic Kidney Disease,"Chronic Liver Disease (i.e Cirrhosis, Hepatitis B)","proportion_Chronic Liver Disease (i.e Cirrhosis, Hepatitis B)",Asthma,proportion_Asthma,Chronic Obstructive Pulmonary Disease,proportion_Chronic Obstructive Pulmonary Disease,Other Chronic Lung Disease,proportion_Other Chronic Lung Disease,Stroke,proportion_Stroke,Spinal Cord Injury,proportion_Spinal Cord Injury,"Other Neurological Disease (Parkinson, Epilepsy, Dementia)","proportion_Other Neurological Disease (Parkinson, Epilepsy, Dementia)",Obesity,proportion_Obesity,Immunodeficiency (i.e auto-immune disease),proportion_Immunodeficiency (i.e auto-immune disease),Cancer,proportion_Cancer,Anxiety,proportion_Anxiety,Depression,proportion_Depression,Other Psychiatric Disease,proportion_Other Psychiatric Disease,Eating disorder,proportion_Eating disorder,Inflammatory Bowel Disease/ Irritable Bowel Syndrome,proportion_Inflammatory Bowel Disease/ Irritable Bowel Syndrome,Other - please specify below,proportion_Other - please specify below,None,proportion_None
C1,205,30.0,0.14634146341463414,10.0,0.04878048780487805,,,,,33.0,0.16097560975609757,,,,,3.0,0.014634146341463415,2.0,0.00975609756097561,4.0,0.01951219512195122,15.0,0.07317073170731707,10.0,0.04878048780487805,10.0,0.04878048780487805,51.0,0.24878048780487805,25.0,0.12195121951219512,4.0,0.01951219512195122,3.0,0.014634146341463415,18.0,0.08780487804878048,33.0,0.16097560975609757,64.0,0.3121951219512195
C2,44,4.0,0.09090909090909091,,,,,,,10.0,0.22727272727272727,,,,,,,1.0,0.022727272727272728,1.0,0.022727272727272728,4.0,0.09090909090909091,5.0,0.11363636363636363,,,19.0,0.4318181818181818,19.0,0.4318181818181818,5.0,0.11363636363636363,1.0,0.022727272727272728,5.0,0.11363636363636363,16.0,0.36363636363636365,7.0,0.1590909090909091
C3,44,7.0,0.1590909090909091,1.0,0.022727272727272728,1.0,0.022727272727272728,,,7.0,0.1590909090909091,,,,,,,1.0,0.022727272727272728,3.0,0.06818181818181818,5.0,0.11363636363636363,3.0,0.06818181818181818,5.0,0.11363636363636363,11.0,0.25,10.0,0.22727272727272727,1.0,0.022727272727272728,3.0,0.06818181818181818,8.0,0.18181818181818182,14.0,0.3181818181818182,15.0,0.3409090909090909
C4,41,6.0,0.14634146341463414,2.0,0.04878048780487805,1.0,0.024390243902439025,,,10.0,0.24390243902439024,,,,,1.0,0.024390243902439025,1.0,0.024390243902439025,1.0,0.024390243902439025,7.0,0.17073170731707318,2.0,0.04878048780487805,2.0,0.04878048780487805,8.0,0.1951219512195122,10.0,0.24390243902439024,3.0,0.07317073170731707,,,2.0,0.04878048780487805,10.0,0.24390243902439024,9.0,0.21951219512195122
C5,36,5.0,0.1388888888888889,1.0,0.027777777777777776,1.0,0.027777777777777776,,,8.0,0.2222222222222222,,,1.0,0.027777777777777776,,,,,,,3.0,0.08333333333333333,6.0,0.16666666666666666,1.0,0.027777777777777776,7.0,0.19444444444444445,11.0,0.3055555555555556,1.0,0.027777777777777776,,,6.0,0.16666666666666666,12.0,0.3333333333333333,4.0,0.1111111111111111
C6,35,1.0,0.02857142857142857,,,,,1.0,0.02857142857142857,4.0,0.11428571428571428,,,,,,,1.0,0.02857142857142857,2.0,0.05714285714285714,4.0,0.11428571428571428,6.0,0.17142857142857143,,,11.0,0.3142857142857143,10.0,0.2857142857142857,1.0,0.02857142857142857,4.0,0.11428571428571428,7.0,0.2,16.0,0.45714285714285713,7.0,0.2
C7,32,1.0,0.03125,,,,,1.0,0.03125,9.0,0.28125,,,,,,,1.0,0.03125,5.0,0.15625,,,,,9.0,0.28125,,,,,,,,,,,,,,
C8,25,1.0,0.04,1.0,0.04,,,,,,,,,,,,,,,1.0,0.04,2.0,0.08,2.0,0.08,4.0,0.16,8.0,0.32,6.0,0.24,,,,,3.0,0.12,6.0,0.24,11.0,0.44
C9,24,3.0,0.125,1.0,0.041666666666666664,,,,,5.0,0.20833333333333334,1.0,0.041666666666666664,,,2.0,0.08333333333333333,,,,,,,,,8.0,0.3333333333333333,,,,,,,,,,,,,,
C10,23,1.0,0.043478260869565216,2.0,0.08695652173913043,,,,,4.0,0.17391304347826086,,,,,1.0,0.043478260869565216,1.0,0.043478260869565216,,,1.0,0.043478260869565216,4.0,0.17391304347826086,1.0,0.043478260869565216,6.0,0.2608695652173913,5.0,0.21739130434782608,1.0,0.043478260869565216,,,3.0,0.13043478260869565,7.0,0.30434782608695654,8.0,0.34782608695652173
C11,21,,,,,,,1.0,0.047619047619047616,9.0,0.42857142857142855,,,,,1.0,0.047619047619047616,,,2.0,0.09523809523809523,,,,,13.0,0.6190476190476191,,,,,,,,,,,,,1.0,0.047619047619047616
C12,20,2.0,0.1,,,,,,,7.0,0.35,1.0,0.05,,,,,,,4.0,0.2,1.0,0.05,7.0,0.35,,,12.0,0.6,8.0,0.4,3.0,0.15,1.0,0.05,7.0,0.35,9.0,0.45,2.0,0.1
C13,18,4.0,0.2222222222222222,1.0,0.05555555555555555,,,,,4.0,0.2222222222222222,,,,,,,,,1.0,0.05555555555555555,,,1.0,0.05555555555555555,1.0,0.05555555555555555,9.0,0.5,5.0,0.2777777777777778,1.0,0.05555555555555555,,,1.0,0.05555555555555555,6.0,0.3333333333333333,1.0,0.05555555555555555
C14,17,1.0,0.058823529411764705,,,1.0,0.058823529411764705,,,5.0,0.29411764705882354,,,,,,,1.0,0.058823529411764705,,,1.0,0.058823529411764705,1.0,0.058823529411764705,,,3.0,0.17647058823529413,3.0,0.17647058823529413,1.0,0.058823529411764705,1.0,0.058823529411764705,2.0,0.11764705882352941,8.0,0.47058823529411764,1.0,0.058823529411764705
C15,16,,,,,,,,,5.0,0.3125,,,,,,,,,,,1.0,0.0625,,,1.0,0.0625,5.0,0.3125,4.0,0.25,,,,,2.0,0.125,3.0,0.1875,7.0,0.4375
C16,14,2.0,0.14285714285714285,,,,,,,3.0,0.21428571428571427,,,,,2.0,0.14285714285714285,,,1.0,0.07142857142857142,,,2.0,0.14285714285714285,5.0,0.35714285714285715,3.0,0.21428571428571427,2.0,0.14285714285714285,,,,,1.0,0.07142857142857142,3.0,0.21428571428571427,1.0,0.07142857142857142
